{"cameraMode":{"drawMode":0,"name":"Shaded","section":"Shading Mode"},"sceneLighting":true,"audioPlay":false,"sceneViewState":{"showFog":false,"showMaterialUpdate":false,"showSkybox":false,"showFlares":false,"showImageEffects":false,"showParticleSystems":false,"showVisualEffectGraphs":true,"m_FxEnabled":false},"in2DMode":false,"pivot":{"x":-0.3763446509838104,"y":2.5333311557769777,"z":-4.562325477600098},"rotation":{"x":0.0041894870810210709,"y":-0.021900594234466554,"z":-0.00009210882853949443,"w":-0.9997534155845642},"size":5.107395172119141,"orthographic":false}