{"cameraMode":{"drawMode":0,"name":"Shaded","section":"Shading Mode"},"sceneLighting":false,"audioPlay":false,"sceneViewState":{"showFog":false,"showMaterialUpdate":false,"showSkybox":false,"showFlares":false,"showImageEffects":false,"showParticleSystems":false,"showVisualEffectGraphs":true,"m_FxEnabled":true},"in2DMode":false,"pivot":{"x":-0.0020000000949949028,"y":0.08100000023841858,"z":-0.0010000000474974514},"rotation":{"x":-0.019732454791665078,"y":0.0874679684638977,"z":-0.001732790726236999,"w":-0.9959713816642761},"size":9.839142799377442,"orthographic":false}